{"cameraMode":{"drawMode":0,"name":"Shaded","section":"Shading Mode"},"sceneLighting":true,"audioPlay":false,"sceneViewState":{"showFog":true,"showMaterialUpdate":false,"showSkybox":true,"showFlares":true,"showImageEffects":true,"showParticleSystems":true},"in2DMode":false,"pivot":{"x":-2.9635303020477297,"y":16.96702766418457,"z":6.6055121421813969},"rotation":{"x":0.36098000407218935,"y":0.01514515746384859,"z":-0.005788607522845268,"w":0.9325980544090271},"size":27.41600227355957,"orthographic":false}