{"cameraMode":{"drawMode":0,"name":"Shaded","section":"Shading Mode"},"sceneLighting":true,"audioPlay":false,"sceneViewState":{"showFog":true,"showMaterialUpdate":false,"showSkybox":true,"showFlares":true,"showImageEffects":true,"showParticleSystems":true},"in2DMode":false,"pivot":{"x":41.691444396972659,"y":-26.32581329345703,"z":67.1229019165039},"rotation":{"x":0.19293931126594544,"y":0.4477968215942383,"z":-0.09933290630578995,"w":0.8676027655601502},"size":102.6816635131836,"orthographic":false}