{"cameraMode":{"drawMode":0,"name":"Shaded","section":"Shading Mode"},"sceneLighting":true,"audioPlay":false,"sceneViewState":{"showFog":true,"showMaterialUpdate":false,"showSkybox":true,"showFlares":true,"showImageEffects":true,"showParticleSystems":true},"in2DMode":false,"pivot":{"x":-0.9449896812438965,"y":1.0603179931640626,"z":-0.09234066307544708},"rotation":{"x":-0.12601761519908906,"y":0.7195123434066773,"z":-0.13536854088306428,"w":-0.6694679260253906},"size":2.4675912857055666,"orthographic":false}