{"cameraMode":{"drawMode":0,"name":"Shaded","section":"Shading Mode"},"sceneLighting":true,"audioPlay":false,"sceneViewState":{"showFog":true,"showMaterialUpdate":false,"showSkybox":true,"showFlares":true,"showImageEffects":true,"showParticleSystems":true},"in2DMode":false,"pivot":{"x":-1.1614539623260499,"y":1.5748616456985474,"z":1.3980268239974976},"rotation":{"x":-0.028369557112455369,"y":0.96824711561203,"z":-0.12914830446243287,"w":-0.2124481052160263},"size":22.0,"orthographic":false}