{"cameraMode":{"drawMode":0,"name":"Shaded","section":"Shading Mode"},"sceneLighting":true,"audioPlay":false,"sceneViewState":{"showFog":true,"showMaterialUpdate":false,"showSkybox":true,"showFlares":true,"showImageEffects":true,"showParticleSystems":true},"in2DMode":false,"pivot":{"x":3.553257465362549,"y":-23.949316024780275,"z":-31.313114166259767},"rotation":{"x":-0.0028329426422715189,"y":0.9615204930305481,"z":-0.2751491963863373,"w":-0.010764609090983868},"size":60.66522216796875,"orthographic":false}