{"cameraMode":{"drawMode":0,"name":"Shaded","section":"Shading Mode"},"sceneLighting":true,"audioPlay":false,"sceneViewState":{"showFog":true,"showMaterialUpdate":false,"showSkybox":true,"showFlares":true,"showImageEffects":true,"showParticleSystems":true},"in2DMode":false,"pivot":{"x":-2.204766035079956,"y":7.507775783538818,"z":-3.802680730819702},"rotation":{"x":-0.12856291234493257,"y":-0.6800082325935364,"z":0.12290435284376145,"w":-0.7113115191459656},"size":16.49070930480957,"orthographic":false}